{"accuracy": [0.6068852543830872, 0.863304615020752, 0.9155416488647461, 0.9417881965637207, 0.9569243788719177, 0.966825544834137, 0.9715911746025085, 0.9766128659248352, 0.9809944033622742, 0.9813926815986633], "loss": [1.3257406949996948, 0.4307515621185303, 0.26162412762641907, 0.1775834709405899, 0.13010063767433167, 0.10239381343126297, 0.08677257597446442, 0.07240980863571167, 0.058411434292793274, 0.05583881586790085], "val_accuracy": [0.8378101587295532, 0.8994991779327393, 0.9312542676925659, 0.9166856408119202, 0.9605053663253784, 0.9620987772941589, 0.9679604172706604, 0.9643182158470154, 0.9591395258903503, 0.9585135579109192], "val_loss": [0.5075795650482178, 0.3110542297363281, 0.20541664958000183, 0.26716160774230957, 0.12165544927120209, 0.11479252576828003, 0.10356949269771576, 0.1134033054113388, 0.13917022943496704, 0.1346532553434372]}